"student","reading","maths","gps","avg_all"
1,-1,-1,-1,NA
2,-1,-1,-1,NA
3,-1,-1,-1,NA
4,-1,-1,-1,NA
5,-1,-1,-1,NA
6,-1,-1,-1,NA
7,-1,-1,-1,NA
8,-1,-1,-1,NA
9,-1,-1,-1,NA
10,80,-1,-1,NA
11,80,-1,80,NA
12,80,-1,80,NA
13,80,80,80,80
14,80,80,80,80
15,80,80,80,80
16,80,80,80,80
17,80,80,80,80
18,80,80,80,80
19,80,80,80,80
20,80,80,80,80
21,84,80,80,81.3333333333333
22,87,82,90,86.3333333333333
23,89,90,81,86.6666666666667
24,85,80,96,87
25,89,80,92,87
26,82,89,94,88.3333333333333
27,101,80,88,89.6666666666667
28,85,80,104,89.6666666666667
29,103,80,87,90
30,91,80,99,90
31,108,80,84,90.6666666666667
32,91,99,83,91
33,114,80,80,91.3333333333333
34,87,90,98,91.6666666666667
35,85,92,98,91.6666666666667
36,95,87,95,92.3333333333333
37,81,97,99,92.3333333333333
38,98,85,95,92.6666666666667
39,88,93,98,93
40,81,98,100,93
41,84,97,99,93.3333333333333
42,84,97,99,93.3333333333333
43,88,95,98,93.6666666666667
44,85,97,99,93.6666666666667
45,84,98,99,93.6666666666667
46,84,98,99,93.6666666666667
47,83,98,100,93.6666666666667
48,92,94,96,94
49,85,98,99,94
50,93,92,98,94.3333333333333
51,91,94,98,94.3333333333333
52,87,97,99,94.3333333333333
53,87,97,99,94.3333333333333
54,87,97,99,94.3333333333333
55,86,98,100,94.6666666666667
56,86,98,100,94.6666666666667
57,86,98,100,94.6666666666667
58,90,99,96,95
59,97,92,96,95
60,88,98,99,95
61,87,102,97,95.3333333333333
62,107,81,98,95.3333333333333
63,92,96,98,95.3333333333333
64,90,97,99,95.3333333333333
65,89,98,99,95.3333333333333
66,106,84,97,95.6666666666667
67,91,97,99,95.6666666666667
68,94,105,88,95.6666666666667
69,92,97,99,96
70,92,97,99,96
71,92,97,99,96
72,91,98,99,96
73,90,98,100,96
74,90,98,100,96
75,103,89,97,96.3333333333333
76,91,98,100,96.3333333333333
77,91,98,100,96.3333333333333
78,97,95,98,96.6666666666667
79,96,96,98,96.6666666666667
80,95,96,99,96.6666666666667
81,94,97,99,96.6666666666667
82,92,98,100,96.6666666666667
83,91,99,100,96.6666666666667
84,97,80,114,97
85,100,93,98,97
86,95,97,99,97
87,92,99,100,97
88,92,99,100,97
89,92,99,100,97
90,98,96,98,97.3333333333333
91,94,98,100,97.3333333333333
92,93,99,100,97.3333333333333
93,93,99,100,97.3333333333333
94,93,99,100,97.3333333333333
95,93,99,100,97.3333333333333
96,93,99,100,97.3333333333333
97,93,99,100,97.3333333333333
98,93,99,100,97.3333333333333
99,93,99,100,97.3333333333333
100,111,82,99,97.3333333333333
101,97,80,116,97.6666666666667
102,83,100,110,97.6666666666667
103,94,99,100,97.6666666666667
104,94,99,100,97.6666666666667
105,94,99,100,97.6666666666667
106,94,99,100,97.6666666666667
107,94,99,100,97.6666666666667
108,94,99,100,97.6666666666667
109,94,99,100,97.6666666666667
110,105,93,96,98
111,98,97,99,98
112,95,99,100,98
113,95,99,100,98
114,95,99,100,98
115,95,99,100,98
116,95,99,100,98
117,95,99,100,98
118,95,99,100,98
119,95,99,100,98
120,95,99,100,98
121,95,99,100,98
122,95,99,100,98
123,95,99,100,98
124,95,99,100,98
125,95,99,100,98
126,95,99,100,98
127,95,99,100,98
128,95,99,100,98
129,95,99,100,98
130,95,99,100,98
131,95,99,100,98
132,103,96,96,98.3333333333333
133,82,116,97,98.3333333333333
134,101,96,98,98.3333333333333
135,98,98,99,98.3333333333333
136,95,99,101,98.3333333333333
137,95,99,101,98.3333333333333
138,95,99,101,98.3333333333333
139,95,99,101,98.3333333333333
140,98,98,100,98.6666666666667
141,98,98,100,98.6666666666667
142,98,98,100,98.6666666666667
143,96,99,101,98.6666666666667
144,96,99,101,98.6666666666667
145,96,99,101,98.6666666666667
146,96,99,101,98.6666666666667
147,96,99,101,98.6666666666667
148,96,99,101,98.6666666666667
149,96,99,101,98.6666666666667
150,96,99,101,98.6666666666667
151,96,99,101,98.6666666666667
152,96,99,101,98.6666666666667
153,96,99,101,98.6666666666667
154,96,99,101,98.6666666666667
155,96,99,101,98.6666666666667
156,101,98,98,99
157,106,93,98,99
158,100,98,99,99
159,100,98,99,99
160,99,98,100,99
161,96,100,101,99
162,96,100,101,99
163,96,100,101,99
164,96,100,101,99
165,96,100,101,99
166,96,100,101,99
167,96,100,101,99
168,96,100,101,99
169,96,100,101,99
170,105,90,102,99
171,99,103,96,99.3333333333333
172,96,105,97,99.3333333333333
173,106,94,98,99.3333333333333
174,105,95,98,99.3333333333333
175,104,96,98,99.3333333333333
176,100,98,100,99.3333333333333
177,97,100,101,99.3333333333333
178,97,100,101,99.3333333333333
179,97,100,101,99.3333333333333
180,97,100,101,99.3333333333333
181,97,100,101,99.3333333333333
182,97,100,101,99.3333333333333
183,97,100,101,99.3333333333333
184,97,100,101,99.3333333333333
185,97,100,101,99.3333333333333
186,97,100,101,99.3333333333333
187,97,100,101,99.3333333333333
188,97,100,101,99.3333333333333
189,97,100,101,99.3333333333333
190,97,100,101,99.3333333333333
191,97,100,101,99.3333333333333
192,97,100,101,99.3333333333333
193,97,100,101,99.3333333333333
194,97,100,101,99.3333333333333
195,97,100,101,99.3333333333333
196,97,100,101,99.3333333333333
197,97,100,101,99.3333333333333
198,97,100,101,99.3333333333333
199,97,100,101,99.3333333333333
200,97,100,101,99.3333333333333
201,97,100,101,99.3333333333333
202,97,100,101,99.3333333333333
203,97,100,101,99.3333333333333
204,97,100,101,99.3333333333333
205,97,100,101,99.3333333333333
206,97,100,101,99.3333333333333
207,97,100,101,99.3333333333333
208,97,100,101,99.3333333333333
209,97,100,101,99.3333333333333
210,97,100,101,99.3333333333333
211,97,100,101,99.3333333333333
212,97,100,101,99.3333333333333
213,97,100,101,99.3333333333333
214,97,100,101,99.3333333333333
215,109,80,110,99.6666666666667
216,117,96,86,99.6666666666667
217,94,109,96,99.6666666666667
218,104,96,99,99.6666666666667
219,103,97,99,99.6666666666667
220,102,98,99,99.6666666666667
221,101,98,100,99.6666666666667
222,98,100,101,99.6666666666667
223,98,100,101,99.6666666666667
224,98,100,101,99.6666666666667
225,98,100,101,99.6666666666667
226,98,100,101,99.6666666666667
227,98,100,101,99.6666666666667
228,98,100,101,99.6666666666667
229,98,100,101,99.6666666666667
230,98,100,101,99.6666666666667
231,98,100,101,99.6666666666667
232,98,100,101,99.6666666666667
233,98,100,101,99.6666666666667
234,98,100,101,99.6666666666667
235,98,100,101,99.6666666666667
236,98,100,101,99.6666666666667
237,109,82,108,99.6666666666667
238,96,107,97,100
239,97,105,98,100
240,82,120,98,100
241,107,95,98,100
242,102,98,100,100
243,98,100,102,100
244,98,100,102,100
245,98,100,102,100
246,98,100,102,100
247,98,100,102,100
248,98,100,102,100
249,98,100,102,100
250,98,100,102,100
251,98,100,102,100
252,98,100,102,100
253,98,100,102,100
254,98,100,102,100
255,98,100,102,100
256,98,100,102,100
257,98,100,102,100
258,98,100,102,100
259,89,115,97,100.333333333333
260,107,96,98,100.333333333333
261,105,97,99,100.333333333333
262,105,97,99,100.333333333333
263,98,101,102,100.333333333333
264,98,101,102,100.333333333333
265,98,101,102,100.333333333333
266,98,101,102,100.333333333333
267,98,101,102,100.333333333333
268,98,101,102,100.333333333333
269,98,101,102,100.333333333333
270,98,101,102,100.333333333333
271,98,101,102,100.333333333333
272,98,101,102,100.333333333333
273,98,101,102,100.333333333333
274,98,101,102,100.333333333333
275,98,101,102,100.333333333333
276,98,101,102,100.333333333333
277,98,101,102,100.333333333333
278,98,101,102,100.333333333333
279,98,101,102,100.333333333333
280,98,101,102,100.333333333333
281,98,101,102,100.333333333333
282,98,101,102,100.333333333333
283,98,101,102,100.333333333333
284,98,101,102,100.333333333333
285,98,101,102,100.333333333333
286,98,101,102,100.333333333333
287,98,101,102,100.333333333333
288,98,101,102,100.333333333333
289,98,101,102,100.333333333333
290,98,101,102,100.333333333333
291,98,101,102,100.333333333333
292,98,101,102,100.333333333333
293,98,101,102,100.333333333333
294,115,105,82,100.666666666667
295,111,94,97,100.666666666667
296,92,112,98,100.666666666667
297,104,98,100,100.666666666667
298,99,101,102,100.666666666667
299,99,101,102,100.666666666667
300,99,101,102,100.666666666667
301,99,101,102,100.666666666667
302,99,101,102,100.666666666667
303,99,101,102,100.666666666667
304,99,101,102,100.666666666667
305,99,101,102,100.666666666667
306,99,101,102,100.666666666667
307,99,101,102,100.666666666667
308,99,101,102,100.666666666667
309,99,101,102,100.666666666667
310,99,101,102,100.666666666667
311,99,101,102,100.666666666667
312,99,101,102,100.666666666667
313,99,101,102,100.666666666667
314,99,101,102,100.666666666667
315,99,101,102,100.666666666667
316,99,101,102,100.666666666667
317,99,101,102,100.666666666667
318,99,101,102,100.666666666667
319,99,101,102,100.666666666667
320,99,101,102,100.666666666667
321,99,101,102,100.666666666667
322,99,101,102,100.666666666667
323,99,101,102,100.666666666667
324,99,101,102,100.666666666667
325,99,101,102,100.666666666667
326,99,101,102,100.666666666667
327,99,101,102,100.666666666667
328,99,101,102,100.666666666667
329,99,101,102,100.666666666667
330,99,101,102,100.666666666667
331,99,101,102,100.666666666667
332,99,101,102,100.666666666667
333,99,101,102,100.666666666667
334,99,101,102,100.666666666667
335,99,101,102,100.666666666667
336,99,101,102,100.666666666667
337,99,101,102,100.666666666667
338,99,101,102,100.666666666667
339,99,101,102,100.666666666667
340,99,101,102,100.666666666667
341,99,101,102,100.666666666667
342,99,101,102,100.666666666667
343,99,101,102,100.666666666667
344,99,101,102,100.666666666667
345,99,101,102,100.666666666667
346,99,101,102,100.666666666667
347,99,101,102,100.666666666667
348,99,101,102,100.666666666667
349,99,101,102,100.666666666667
350,108,100,95,101
351,107,97,99,101
352,107,97,99,101
353,107,97,99,101
354,99,101,103,101
355,99,101,103,101
356,99,101,103,101
357,99,101,103,101
358,99,101,103,101
359,99,101,103,101
360,99,101,103,101
361,99,101,103,101
362,99,101,103,101
363,99,101,103,101
364,99,101,103,101
365,99,101,103,101
366,99,101,103,101
367,99,101,103,101
368,99,101,103,101
369,99,101,103,101
370,99,101,103,101
371,99,101,103,101
372,99,101,103,101
373,99,101,103,101
374,99,101,103,101
375,99,101,103,101
376,99,101,103,101
377,99,101,103,101
378,99,101,103,101
379,99,101,103,101
380,99,101,103,101
381,99,101,103,101
382,99,101,103,101
383,99,101,103,101
384,99,101,103,101
385,118,88,98,101.333333333333
386,102,105,97,101.333333333333
387,108,97,99,101.333333333333
388,108,97,99,101.333333333333
389,100,101,103,101.333333333333
390,100,101,103,101.333333333333
391,100,101,103,101.333333333333
392,100,101,103,101.333333333333
393,100,101,103,101.333333333333
394,100,101,103,101.333333333333
395,100,101,103,101.333333333333
396,100,101,103,101.333333333333
397,100,101,103,101.333333333333
398,100,101,103,101.333333333333
399,100,101,103,101.333333333333
400,100,101,103,101.333333333333
401,100,101,103,101.333333333333
402,100,101,103,101.333333333333
403,116,91,98,101.666666666667
404,111,96,98,101.666666666667
405,109,97,99,101.666666666667
406,109,97,99,101.666666666667
407,109,97,99,101.666666666667
408,100,102,103,101.666666666667
409,100,102,103,101.666666666667
410,100,102,103,101.666666666667
411,100,102,103,101.666666666667
412,100,102,103,101.666666666667
413,100,102,103,101.666666666667
414,100,102,103,101.666666666667
415,100,102,103,101.666666666667
416,100,102,103,101.666666666667
417,100,102,103,101.666666666667
418,100,102,103,101.666666666667
419,100,102,103,101.666666666667
420,100,102,103,101.666666666667
421,100,102,103,101.666666666667
422,100,102,103,101.666666666667
423,100,102,103,101.666666666667
424,100,102,103,101.666666666667
425,100,102,103,101.666666666667
426,100,102,103,101.666666666667
427,100,102,103,101.666666666667
428,100,102,103,101.666666666667
429,100,102,103,101.666666666667
430,100,102,103,101.666666666667
431,100,102,103,101.666666666667
432,100,102,103,101.666666666667
433,100,102,103,101.666666666667
434,100,102,103,101.666666666667
435,100,102,103,101.666666666667
436,100,102,103,101.666666666667
437,100,102,103,101.666666666667
438,100,102,103,101.666666666667
439,100,102,103,101.666666666667
440,100,102,103,101.666666666667
441,100,102,103,101.666666666667
442,100,102,103,101.666666666667
443,100,102,103,101.666666666667
444,100,102,103,101.666666666667
445,100,102,103,101.666666666667
446,100,102,103,101.666666666667
447,100,102,103,101.666666666667
448,100,102,103,101.666666666667
449,100,102,103,101.666666666667
450,100,102,103,101.666666666667
451,100,102,103,101.666666666667
452,100,102,103,101.666666666667
453,100,102,103,101.666666666667
454,100,102,103,101.666666666667
455,100,102,103,101.666666666667
456,100,102,103,101.666666666667
457,100,102,103,101.666666666667
458,100,102,103,101.666666666667
459,100,102,103,101.666666666667
460,100,102,103,101.666666666667
461,100,102,103,101.666666666667
462,100,102,103,101.666666666667
463,100,102,103,101.666666666667
464,100,102,103,101.666666666667
465,100,102,103,101.666666666667
466,100,102,103,101.666666666667
467,100,102,103,101.666666666667
468,100,102,103,101.666666666667
469,100,102,103,101.666666666667
470,100,102,103,101.666666666667
471,100,102,103,101.666666666667
472,100,102,103,101.666666666667
473,100,102,103,101.666666666667
474,100,102,103,101.666666666667
475,100,102,103,101.666666666667
476,100,102,103,101.666666666667
477,100,102,103,101.666666666667
478,100,102,103,101.666666666667
479,100,102,103,101.666666666667
480,100,102,103,101.666666666667
481,100,102,103,101.666666666667
482,100,102,103,101.666666666667
483,100,102,103,101.666666666667
484,100,102,103,101.666666666667
485,100,102,103,101.666666666667
486,100,102,103,101.666666666667
487,100,102,103,101.666666666667
488,100,102,103,101.666666666667
489,100,102,103,101.666666666667
490,100,102,103,101.666666666667
491,100,102,103,101.666666666667
492,100,102,103,101.666666666667
493,100,102,103,101.666666666667
494,100,102,103,101.666666666667
495,100,102,103,101.666666666667
496,100,102,103,101.666666666667
497,100,102,103,101.666666666667
498,100,102,103,101.666666666667
499,100,102,103,101.666666666667
500,100,102,103,101.666666666667
501,100,102,103,101.666666666667
502,100,102,103,101.666666666667
503,100,102,103,101.666666666667
504,100,102,103,101.666666666667
505,100,102,103,101.666666666667
506,110,97,99,102
507,100,102,104,102
508,100,102,104,102
509,100,102,104,102
510,100,102,104,102
511,100,102,104,102
512,100,102,104,102
513,100,102,104,102
514,111,97,99,102.333333333333
515,101,102,104,102.333333333333
516,101,102,104,102.333333333333
517,101,102,104,102.333333333333
518,101,102,104,102.333333333333
519,101,102,104,102.333333333333
520,101,102,104,102.333333333333
521,101,102,104,102.333333333333
522,101,102,104,102.333333333333
523,101,102,104,102.333333333333
524,101,102,104,102.333333333333
525,101,102,104,102.333333333333
526,101,102,104,102.333333333333
527,101,102,104,102.333333333333
528,101,102,104,102.333333333333
529,101,102,104,102.333333333333
530,101,102,104,102.333333333333
531,101,102,104,102.333333333333
532,101,102,104,102.333333333333
533,101,102,104,102.333333333333
534,101,102,104,102.333333333333
535,101,102,104,102.333333333333
536,101,102,104,102.333333333333
537,101,102,104,102.333333333333
538,101,102,104,102.333333333333
539,101,102,104,102.333333333333
540,101,102,104,102.333333333333
541,101,102,104,102.333333333333
542,101,102,104,102.333333333333
543,101,102,104,102.333333333333
544,101,102,104,102.333333333333
545,101,102,104,102.333333333333
546,101,102,104,102.333333333333
547,101,102,104,102.333333333333
548,101,102,104,102.333333333333
549,101,102,104,102.333333333333
550,101,102,104,102.333333333333
551,101,102,104,102.333333333333
552,101,102,104,102.333333333333
553,101,102,104,102.333333333333
554,101,102,104,102.333333333333
555,101,102,104,102.333333333333
556,101,102,104,102.333333333333
557,101,102,104,102.333333333333
558,101,102,104,102.333333333333
559,101,102,104,102.333333333333
560,107,82,118,102.333333333333
561,116,99,93,102.666666666667
562,101,103,104,102.666666666667
563,101,103,104,102.666666666667
564,101,103,104,102.666666666667
565,101,103,104,102.666666666667
566,101,103,104,102.666666666667
567,101,103,104,102.666666666667
568,101,103,104,102.666666666667
569,101,103,104,102.666666666667
570,101,103,104,102.666666666667
571,101,103,104,102.666666666667
572,101,103,104,102.666666666667
573,101,103,104,102.666666666667
574,101,103,104,102.666666666667
575,101,103,104,102.666666666667
576,101,103,104,102.666666666667
577,101,103,104,102.666666666667
578,101,103,104,102.666666666667
579,101,103,104,102.666666666667
580,101,103,104,102.666666666667
581,101,103,104,102.666666666667
582,101,103,104,102.666666666667
583,101,103,104,102.666666666667
584,101,103,104,102.666666666667
585,101,103,104,102.666666666667
586,101,103,104,102.666666666667
587,101,103,104,102.666666666667
588,101,103,104,102.666666666667
589,101,103,104,102.666666666667
590,101,103,104,102.666666666667
591,101,103,104,102.666666666667
592,101,103,104,102.666666666667
593,101,103,104,102.666666666667
594,101,103,104,102.666666666667
595,101,103,104,102.666666666667
596,101,103,104,102.666666666667
597,101,103,104,102.666666666667
598,101,103,104,102.666666666667
599,101,103,104,102.666666666667
600,101,103,104,102.666666666667
601,101,103,104,102.666666666667
602,101,103,104,102.666666666667
603,101,103,104,102.666666666667
604,101,103,104,102.666666666667
605,101,103,104,102.666666666667
606,101,103,104,102.666666666667
607,101,103,104,102.666666666667
608,101,103,104,102.666666666667
609,101,103,104,102.666666666667
610,101,103,104,102.666666666667
611,101,103,104,102.666666666667
612,101,103,104,102.666666666667
613,101,103,104,102.666666666667
614,101,103,104,102.666666666667
615,101,103,104,102.666666666667
616,101,103,104,102.666666666667
617,101,103,104,102.666666666667
618,101,103,104,102.666666666667
619,101,103,104,102.666666666667
620,101,103,104,102.666666666667
621,101,103,104,102.666666666667
622,101,103,104,102.666666666667
623,101,103,104,102.666666666667
624,101,103,104,102.666666666667
625,101,103,104,102.666666666667
626,101,103,104,102.666666666667
627,101,103,104,102.666666666667
628,101,103,104,102.666666666667
629,101,103,104,102.666666666667
630,101,103,104,102.666666666667
631,101,103,104,102.666666666667
632,101,103,104,102.666666666667
633,101,103,104,102.666666666667
634,101,103,104,102.666666666667
635,101,103,104,102.666666666667
636,101,103,104,102.666666666667
637,101,103,104,102.666666666667
638,101,103,104,102.666666666667
639,101,103,104,102.666666666667
640,101,103,104,102.666666666667
641,112,98,99,103
642,102,103,104,103
643,102,103,104,103
644,102,103,104,103
645,102,103,104,103
646,102,103,104,103
647,102,103,104,103
648,102,103,104,103
649,102,103,104,103
650,102,103,104,103
651,102,103,104,103
652,102,103,104,103
653,102,103,104,103
654,102,103,104,103
655,102,103,104,103
656,102,103,104,103
657,102,103,104,103
658,102,103,104,103
659,102,103,104,103
660,102,103,104,103
661,102,103,104,103
662,102,103,104,103
663,102,103,104,103
664,102,103,104,103
665,102,103,104,103
666,102,103,104,103
667,102,103,104,103
668,102,103,104,103
669,102,103,104,103
670,102,103,104,103
671,102,103,104,103
672,102,103,104,103
673,102,103,104,103
674,102,103,104,103
675,102,103,104,103
676,102,103,104,103
677,102,103,104,103
678,102,103,104,103
679,102,103,104,103
680,102,103,104,103
681,102,103,104,103
682,102,103,104,103
683,102,103,104,103
684,102,103,104,103
685,102,103,104,103
686,102,103,104,103
687,102,103,104,103
688,103,113,94,103.333333333333
689,94,119,97,103.333333333333
690,117,96,97,103.333333333333
691,120,92,98,103.333333333333
692,114,97,99,103.333333333333
693,113,98,99,103.333333333333
694,102,103,105,103.333333333333
695,102,103,105,103.333333333333
696,102,103,105,103.333333333333
697,102,103,105,103.333333333333
698,102,103,105,103.333333333333
699,102,103,105,103.333333333333
700,102,103,105,103.333333333333
701,102,103,105,103.333333333333
702,102,103,105,103.333333333333
703,102,103,105,103.333333333333
704,102,103,105,103.333333333333
705,102,103,105,103.333333333333
706,102,103,105,103.333333333333
707,102,103,105,103.333333333333
708,102,103,105,103.333333333333
709,102,103,105,103.333333333333
710,102,103,105,103.333333333333
711,102,103,105,103.333333333333
712,102,103,105,103.333333333333
713,102,103,105,103.333333333333
714,102,103,105,103.333333333333
715,102,103,105,103.333333333333
716,102,103,105,103.333333333333
717,102,103,105,103.333333333333
718,102,103,105,103.333333333333
719,102,103,105,103.333333333333
720,102,103,105,103.333333333333
721,102,103,105,103.333333333333
722,102,103,105,103.333333333333
723,102,103,105,103.333333333333
724,102,103,105,103.333333333333
725,102,103,105,103.333333333333
726,112,104,95,103.666666666667
727,102,113,96,103.666666666667
728,113,98,100,103.666666666667
729,102,104,105,103.666666666667
730,102,104,105,103.666666666667
731,102,104,105,103.666666666667
732,102,104,105,103.666666666667
733,102,104,105,103.666666666667
734,102,104,105,103.666666666667
735,102,104,105,103.666666666667
736,102,104,105,103.666666666667
737,102,104,105,103.666666666667
738,102,104,105,103.666666666667
739,102,104,105,103.666666666667
740,102,104,105,103.666666666667
741,102,104,105,103.666666666667
742,102,104,105,103.666666666667
743,102,104,105,103.666666666667
744,102,104,105,103.666666666667
745,102,104,105,103.666666666667
746,102,104,105,103.666666666667
747,102,104,105,103.666666666667
748,102,104,105,103.666666666667
749,102,104,105,103.666666666667
750,102,104,105,103.666666666667
751,102,104,105,103.666666666667
752,102,104,105,103.666666666667
753,102,104,105,103.666666666667
754,102,104,105,103.666666666667
755,102,104,105,103.666666666667
756,102,104,105,103.666666666667
757,102,104,105,103.666666666667
758,102,104,105,103.666666666667
759,102,104,105,103.666666666667
760,102,104,105,103.666666666667
761,102,104,105,103.666666666667
762,102,104,105,103.666666666667
763,102,104,105,103.666666666667
764,102,104,105,103.666666666667
765,102,104,105,103.666666666667
766,102,104,105,103.666666666667
767,102,104,105,103.666666666667
768,102,104,105,103.666666666667
769,102,104,105,103.666666666667
770,102,104,105,103.666666666667
771,102,104,105,103.666666666667
772,102,104,105,103.666666666667
773,102,104,105,103.666666666667
774,102,104,105,103.666666666667
775,102,104,105,103.666666666667
776,102,104,105,103.666666666667
777,102,104,105,103.666666666667
778,102,104,105,103.666666666667
779,102,104,105,103.666666666667
780,102,104,105,103.666666666667
781,102,104,105,103.666666666667
782,102,104,105,103.666666666667
783,102,104,105,103.666666666667
784,102,104,105,103.666666666667
785,102,104,105,103.666666666667
786,102,104,105,103.666666666667
787,102,104,105,103.666666666667
788,102,104,105,103.666666666667
789,102,104,105,103.666666666667
790,102,104,105,103.666666666667
791,102,104,105,103.666666666667
792,102,104,105,103.666666666667
793,102,104,105,103.666666666667
794,102,104,105,103.666666666667
795,102,104,105,103.666666666667
796,102,104,105,103.666666666667
797,119,95,98,104
798,103,104,105,104
799,103,104,105,104
800,103,104,105,104
801,103,104,105,104
802,103,104,105,104
803,103,104,105,104
804,103,104,105,104
805,103,104,105,104
806,103,104,105,104
807,103,104,105,104
808,103,104,105,104
809,103,104,105,104
810,103,104,105,104
811,103,104,105,104
812,103,104,105,104
813,103,104,105,104
814,103,104,105,104
815,103,104,105,104
816,103,104,105,104
817,103,104,105,104
818,103,104,105,104
819,103,104,105,104
820,103,104,105,104
821,103,104,105,104
822,103,104,105,104
823,103,104,105,104
824,103,104,105,104
825,103,104,105,104
826,103,104,105,104
827,103,104,105,104
828,103,104,105,104
829,103,104,105,104
830,103,104,105,104
831,103,104,105,104
832,103,104,105,104
833,103,104,105,104
834,103,104,105,104
835,103,104,105,104
836,103,104,105,104
837,103,104,105,104
838,103,104,105,104
839,103,104,105,104
840,103,104,105,104
841,103,104,105,104
842,103,104,105,104
843,103,104,105,104
844,103,104,105,104
845,103,104,105,104
846,103,104,105,104
847,103,104,105,104
848,103,104,105,104
849,103,104,105,104
850,103,104,105,104
851,103,104,105,104
852,103,104,105,104
853,103,104,105,104
854,103,104,105,104
855,103,104,105,104
856,103,104,105,104
857,103,104,105,104
858,103,104,105,104
859,103,104,105,104
860,103,104,105,104
861,103,104,105,104
862,103,104,105,104
863,103,104,105,104
864,103,104,105,104
865,103,104,105,104
866,103,104,105,104
867,103,104,105,104
868,103,104,105,104
869,103,104,105,104
870,103,104,105,104
871,103,104,105,104
872,103,104,105,104
873,103,104,105,104
874,103,104,105,104
875,103,104,105,104
876,103,104,105,104
877,103,104,105,104
878,103,104,105,104
879,103,104,105,104
880,103,104,105,104
881,103,104,105,104
882,103,104,105,104
883,103,104,105,104
884,103,104,105,104
885,103,104,105,104
886,103,104,105,104
887,103,104,105,104
888,103,104,105,104
889,103,104,105,104
890,103,104,105,104
891,103,104,105,104
892,103,104,105,104
893,103,104,105,104
894,103,104,105,104
895,103,104,105,104
896,103,104,105,104
897,103,104,105,104
898,103,104,105,104
899,103,104,105,104
900,103,104,105,104
901,103,104,105,104
902,103,104,105,104
903,103,104,105,104
904,103,104,105,104
905,103,104,105,104
906,103,104,105,104
907,103,104,105,104
908,103,104,105,104
909,103,104,105,104
910,103,104,105,104
911,103,104,105,104
912,103,104,105,104
913,103,104,105,104
914,100,120,93,104.333333333333
915,106,110,97,104.333333333333
916,120,95,98,104.333333333333
917,118,96,99,104.333333333333
918,115,98,100,104.333333333333
919,103,104,106,104.333333333333
920,103,105,106,104.666666666667
921,103,105,106,104.666666666667
922,103,105,106,104.666666666667
923,103,105,106,104.666666666667
924,103,105,106,104.666666666667
925,103,105,106,104.666666666667
926,103,105,106,104.666666666667
927,103,105,106,104.666666666667
928,103,105,106,104.666666666667
929,103,105,106,104.666666666667
930,103,105,106,104.666666666667
931,103,105,106,104.666666666667
932,103,105,106,104.666666666667
933,103,105,106,104.666666666667
934,103,105,106,104.666666666667
935,103,105,106,104.666666666667
936,103,105,106,104.666666666667
937,103,105,106,104.666666666667
938,103,105,106,104.666666666667
939,103,105,106,104.666666666667
940,103,105,106,104.666666666667
941,103,105,106,104.666666666667
942,103,105,106,104.666666666667
943,103,105,106,104.666666666667
944,103,105,106,104.666666666667
945,103,105,106,104.666666666667
946,103,105,106,104.666666666667
947,103,105,106,104.666666666667
948,103,105,106,104.666666666667
949,103,105,106,104.666666666667
950,103,105,106,104.666666666667
951,103,105,106,104.666666666667
952,103,105,106,104.666666666667
953,103,105,106,104.666666666667
954,103,105,106,104.666666666667
955,104,105,106,105
956,104,105,106,105
957,104,105,106,105
958,104,105,106,105
959,104,105,106,105
960,104,105,106,105
961,104,105,106,105
962,104,105,106,105
963,104,105,106,105
964,104,105,106,105
965,104,105,106,105
966,104,105,106,105
967,104,105,106,105
968,104,105,106,105
969,104,105,106,105
970,104,105,106,105
971,104,105,106,105
972,104,105,106,105
973,104,105,106,105
974,104,105,106,105
975,104,105,106,105
976,104,105,106,105
977,104,105,106,105
978,104,105,106,105
979,104,105,106,105
980,104,105,106,105
981,104,105,106,105
982,104,105,106,105
983,104,105,106,105
984,104,105,106,105
985,104,105,106,105
986,104,105,106,105
987,104,105,106,105
988,104,105,106,105
989,104,105,106,105
990,104,105,106,105
991,104,105,106,105
992,104,105,106,105
993,104,105,106,105
994,104,105,106,105
995,104,105,106,105
996,104,105,106,105
997,104,105,106,105
998,104,105,106,105
999,104,105,106,105
1000,104,105,106,105
1001,104,105,106,105
1002,104,105,106,105
1003,104,105,106,105
1004,104,105,106,105
1005,104,105,106,105
1006,104,105,106,105
1007,104,105,106,105
1008,104,105,106,105
1009,104,105,106,105
1010,104,105,106,105
1011,104,105,106,105
1012,104,105,106,105
1013,104,105,106,105
1014,104,105,106,105
1015,104,105,106,105
1016,104,105,106,105
1017,104,105,106,105
1018,104,105,106,105
1019,104,105,106,105
1020,104,105,106,105
1021,104,105,106,105
1022,104,105,106,105
1023,104,105,106,105
1024,104,105,106,105
1025,104,105,106,105
1026,104,105,106,105
1027,104,105,106,105
1028,104,105,106,105
1029,104,105,106,105
1030,104,105,106,105
1031,104,105,106,105
1032,104,105,106,105
1033,104,105,106,105
1034,104,105,106,105
1035,104,105,106,105
1036,104,105,106,105
1037,104,105,106,105
1038,104,105,106,105
1039,104,105,106,105
1040,104,105,106,105
1041,104,105,106,105
1042,104,105,106,105
1043,104,105,106,105
1044,104,105,106,105
1045,104,105,106,105
1046,104,105,106,105
1047,104,105,106,105
1048,104,105,106,105
1049,104,105,106,105
1050,104,105,106,105
1051,104,105,106,105
1052,104,105,106,105
1053,104,105,106,105
1054,104,105,106,105
1055,104,105,106,105
1056,104,105,106,105
1057,104,105,106,105
1058,104,105,106,105
1059,104,105,106,105
1060,104,105,106,105
1061,104,105,106,105
1062,104,105,106,105
1063,104,105,106,105
1064,104,105,106,105
1065,104,105,106,105
1066,104,105,106,105
1067,104,105,106,105
1068,104,105,106,105
1069,104,105,106,105
1070,104,105,106,105
1071,104,105,106,105
1072,104,105,106,105
1073,104,105,106,105
1074,104,105,106,105
1075,104,105,106,105
1076,104,105,106,105
1077,104,105,106,105
1078,104,105,106,105
1079,104,105,106,105
1080,104,105,106,105
1081,104,105,106,105
1082,104,105,106,105
1083,104,105,106,105
1084,104,105,106,105
1085,104,105,106,105
1086,104,105,106,105
1087,104,105,106,105
1088,104,105,106,105
1089,104,105,106,105
1090,104,105,106,105
1091,104,105,106,105
1092,104,105,106,105
1093,104,105,106,105
1094,104,105,106,105
1095,104,105,106,105
1096,104,105,106,105
1097,104,105,106,105
1098,104,105,106,105
1099,104,105,106,105
1100,104,105,106,105
1101,104,105,106,105
1102,104,105,106,105
1103,104,105,106,105
1104,104,105,106,105
1105,104,105,106,105
1106,104,105,106,105
1107,104,105,106,105
1108,104,105,106,105
1109,104,105,106,105
1110,104,105,106,105
1111,104,105,106,105
1112,104,105,106,105
1113,104,105,106,105
1114,104,105,106,105
1115,104,105,106,105
1116,119,98,99,105.333333333333
1117,118,98,100,105.333333333333
1118,104,106,106,105.333333333333
1119,104,106,107,105.666666666667
1120,104,106,107,105.666666666667
1121,88,114,115,105.666666666667
1122,105,106,107,106
1123,105,106,107,106
1124,105,106,107,106
1125,105,106,107,106
1126,105,106,107,106
1127,105,106,107,106
1128,105,106,107,106
1129,105,106,107,106
1130,105,106,107,106
1131,105,106,107,106
1132,105,106,107,106
1133,105,106,107,106
1134,105,106,107,106
1135,105,106,107,106
1136,105,106,107,106
1137,105,106,107,106
1138,105,106,107,106
1139,105,106,107,106
1140,105,106,107,106
1141,105,106,107,106
1142,105,106,107,106
1143,105,106,107,106
1144,105,106,107,106
1145,105,106,107,106
1146,105,106,107,106
1147,105,106,107,106
1148,105,106,107,106
1149,105,106,107,106
1150,105,106,107,106
1151,105,106,107,106
1152,105,106,107,106
1153,105,106,107,106
1154,105,106,107,106
1155,105,106,107,106
1156,105,106,107,106
1157,105,106,107,106
1158,105,106,107,106
1159,105,106,107,106
1160,105,106,107,106
1161,105,106,107,106
1162,105,106,107,106
1163,105,106,107,106
1164,105,106,107,106
1165,105,106,107,106
1166,105,106,107,106
1167,105,106,107,106
1168,105,106,107,106
1169,105,106,107,106
1170,105,106,107,106
1171,105,106,107,106
1172,105,106,107,106
1173,105,106,107,106
1174,105,106,107,106
1175,105,106,107,106
1176,105,106,107,106
1177,105,106,107,106
1178,105,106,107,106
1179,105,106,107,106
1180,105,106,107,106
1181,105,106,107,106
1182,105,106,107,106
1183,105,106,107,106
1184,105,106,107,106
1185,105,106,107,106
1186,105,106,107,106
1187,105,106,107,106
1188,105,106,107,106
1189,105,106,107,106
1190,105,106,107,106
1191,105,106,107,106
1192,105,106,107,106
1193,105,106,107,106
1194,105,106,107,106
1195,105,106,107,106
1196,105,106,107,106
1197,105,106,107,106
1198,105,106,107,106
1199,105,106,107,106
1200,105,106,107,106
1201,105,106,107,106
1202,105,106,107,106
1203,105,106,107,106
1204,105,106,107,106
1205,105,106,107,106
1206,105,106,107,106
1207,105,106,107,106
1208,105,106,107,106
1209,105,106,107,106
1210,105,106,107,106
1211,105,106,107,106
1212,105,106,107,106
1213,105,106,107,106
1214,105,106,107,106
1215,105,106,107,106
1216,105,106,107,106
1217,105,106,107,106
1218,105,106,107,106
1219,105,106,107,106
1220,105,106,107,106
1221,105,106,107,106
1222,105,106,107,106
1223,105,106,107,106
1224,105,106,107,106
1225,105,106,107,106
1226,105,106,107,106
1227,105,106,107,106
1228,105,106,107,106
1229,105,106,107,106
1230,105,106,107,106
1231,105,106,107,106
1232,105,106,107,106
1233,105,106,107,106
1234,105,106,107,106
1235,105,106,107,106
1236,105,106,107,106
1237,105,106,107,106
1238,105,106,107,106
1239,105,106,107,106
1240,105,106,107,106
1241,105,106,107,106
1242,105,106,107,106
1243,105,106,107,106
1244,105,106,107,106
1245,105,106,107,106
1246,105,106,107,106
1247,105,106,107,106
1248,105,106,107,106
1249,105,106,107,106
1250,105,106,107,106
1251,105,106,107,106
1252,105,106,107,106
1253,105,106,107,106
1254,105,106,107,106
1255,105,106,107,106
1256,105,106,107,106
1257,105,106,107,106
1258,105,106,107,106
1259,105,106,107,106
1260,105,106,107,106
1261,105,106,107,106
1262,105,106,107,106
1263,105,106,107,106
1264,105,106,107,106
1265,105,106,107,106
1266,105,106,107,106
1267,105,106,107,106
1268,105,106,107,106
1269,105,106,107,106
1270,105,106,107,106
1271,105,106,107,106
1272,105,106,107,106
1273,105,106,107,106
1274,105,106,107,106
1275,105,106,107,106
1276,105,106,107,106
1277,105,106,107,106
1278,105,106,107,106
1279,105,106,107,106
1280,105,106,107,106
1281,105,106,107,106
1282,105,106,107,106
1283,105,106,107,106
1284,105,106,107,106
1285,105,106,107,106
1286,105,106,107,106
1287,105,106,107,106
1288,105,106,107,106
1289,105,106,107,106
1290,105,106,107,106
1291,105,106,107,106
1292,105,106,107,106
1293,105,106,107,106
1294,105,106,107,106
1295,105,106,107,106
1296,105,106,107,106
1297,105,106,107,106
1298,105,106,107,106
1299,105,106,107,106
1300,105,106,107,106
1301,105,106,107,106
1302,114,102,103,106.333333333333
1303,106,106,107,106.333333333333
1304,106,106,107,106.333333333333
1305,106,106,107,106.333333333333
1306,106,106,107,106.333333333333
1307,89,115,115,106.333333333333
1308,106,106,108,106.666666666667
1309,106,106,108,106.666666666667
1310,106,106,108,106.666666666667
1311,106,106,108,106.666666666667
1312,106,106,108,106.666666666667
1313,106,106,108,106.666666666667
1314,106,106,108,106.666666666667
1315,106,106,108,106.666666666667
1316,91,114,115,106.666666666667
1317,109,115,97,107
1318,106,107,108,107
1319,106,107,108,107
1320,106,107,108,107
1321,106,107,108,107
1322,106,107,108,107
1323,106,107,108,107
1324,106,107,108,107
1325,106,107,108,107
1326,106,107,108,107
1327,106,107,108,107
1328,106,107,108,107
1329,106,107,108,107
1330,106,107,108,107
1331,106,107,108,107
1332,106,107,108,107
1333,106,107,108,107
1334,106,107,108,107
1335,106,107,108,107
1336,106,107,108,107
1337,106,107,108,107
1338,106,107,108,107
1339,106,107,108,107
1340,106,107,108,107
1341,106,107,108,107
1342,106,107,108,107
1343,106,107,108,107
1344,106,107,108,107
1345,106,107,108,107
1346,106,107,108,107
1347,106,107,108,107
1348,106,107,108,107
1349,106,107,108,107
1350,106,107,108,107
1351,106,107,108,107
1352,106,107,108,107
1353,106,107,108,107
1354,106,107,108,107
1355,106,107,108,107
1356,106,107,108,107
1357,106,107,108,107
1358,106,107,108,107
1359,106,107,108,107
1360,106,107,108,107
1361,106,107,108,107
1362,106,107,108,107
1363,106,107,108,107
1364,106,107,108,107
1365,106,107,108,107
1366,106,107,108,107
1367,106,107,108,107
1368,106,107,108,107
1369,106,107,108,107
1370,106,107,108,107
1371,106,107,108,107
1372,106,107,108,107
1373,106,107,108,107
1374,106,107,108,107
1375,106,107,108,107
1376,106,107,108,107
1377,106,107,108,107
1378,106,107,108,107
1379,106,107,108,107
1380,106,107,108,107
1381,106,107,108,107
1382,106,107,108,107
1383,106,107,108,107
1384,106,107,108,107
1385,106,107,108,107
1386,106,107,108,107
1387,106,107,108,107
1388,106,107,108,107
1389,106,107,108,107
1390,106,107,108,107
1391,106,107,108,107
1392,106,107,108,107
1393,106,107,108,107
1394,106,107,108,107
1395,106,107,108,107
1396,106,107,108,107
1397,106,107,108,107
1398,106,107,108,107
1399,106,107,108,107
1400,106,107,108,107
1401,106,107,108,107
1402,106,107,108,107
1403,106,107,108,107
1404,106,107,108,107
1405,106,107,108,107
1406,106,107,108,107
1407,106,107,108,107
1408,106,107,108,107
1409,106,107,108,107
1410,106,107,108,107
1411,106,107,108,107
1412,106,107,108,107
1413,106,107,108,107
1414,106,107,108,107
1415,106,107,108,107
1416,106,107,108,107
1417,106,107,108,107
1418,106,107,108,107
1419,106,107,108,107
1420,106,107,108,107
1421,106,107,108,107
1422,106,107,108,107
1423,106,107,108,107
1424,106,107,108,107
1425,106,107,108,107
1426,106,107,108,107
1427,106,107,108,107
1428,106,107,108,107
1429,106,107,108,107
1430,106,107,108,107
1431,106,107,108,107
1432,106,107,108,107
1433,106,107,108,107
1434,106,107,108,107
1435,106,107,108,107
1436,106,107,108,107
1437,106,107,108,107
1438,106,107,108,107
1439,106,107,108,107
1440,106,107,108,107
1441,106,107,108,107
1442,106,107,108,107
1443,106,107,108,107
1444,106,107,108,107
1445,106,107,108,107
1446,106,107,108,107
1447,106,107,108,107
1448,106,107,108,107
1449,106,107,108,107
1450,106,107,108,107
1451,106,107,108,107
1452,112,114,96,107.333333333333
1453,112,112,98,107.333333333333
1454,107,107,108,107.333333333333
1455,107,107,108,107.333333333333
1456,107,107,108,107.333333333333
1457,107,107,108,107.333333333333
1458,107,107,108,107.333333333333
1459,107,107,108,107.333333333333
1460,107,107,108,107.333333333333
1461,107,107,108,107.333333333333
1462,107,107,108,107.333333333333
1463,107,107,108,107.333333333333
1464,107,107,108,107.333333333333
1465,107,107,108,107.333333333333
1466,107,107,108,107.333333333333
1467,107,107,108,107.333333333333
1468,107,107,108,107.333333333333
1469,89,113,120,107.333333333333
1470,107,108,108,107.666666666667
1471,107,108,108,107.666666666667
1472,107,108,108,107.666666666667
1473,107,108,108,107.666666666667
1474,107,108,108,107.666666666667
1475,107,108,108,107.666666666667
1476,107,108,108,107.666666666667
1477,107,108,108,107.666666666667
1478,107,108,108,107.666666666667
1479,107,108,108,107.666666666667
1480,107,108,108,107.666666666667
1481,107,108,108,107.666666666667
1482,107,108,108,107.666666666667
1483,107,108,108,107.666666666667
1484,107,108,108,107.666666666667
1485,91,116,116,107.666666666667
1486,107,108,109,108
1487,107,108,109,108
1488,107,108,109,108
1489,107,108,109,108
1490,107,108,109,108
1491,107,108,109,108
1492,107,108,109,108
1493,107,108,109,108
1494,107,108,109,108
1495,107,108,109,108
1496,107,108,109,108
1497,107,108,109,108
1498,107,108,109,108
1499,107,108,109,108
1500,107,108,109,108
1501,107,108,109,108
1502,107,108,109,108
1503,107,108,109,108
1504,107,108,109,108
1505,107,108,109,108
1506,107,108,109,108
1507,107,108,109,108
1508,107,108,109,108
1509,107,108,109,108
1510,107,108,109,108
1511,107,108,109,108
1512,107,108,109,108
1513,107,108,109,108
1514,107,108,109,108
1515,107,108,109,108
1516,107,108,109,108
1517,107,108,109,108
1518,107,108,109,108
1519,107,108,109,108
1520,107,108,109,108
1521,107,108,109,108
1522,107,108,109,108
1523,107,108,109,108
1524,107,108,109,108
1525,107,108,109,108
1526,107,108,109,108
1527,107,108,109,108
1528,107,108,109,108
1529,107,108,109,108
1530,107,108,109,108
1531,107,108,109,108
1532,107,108,109,108
1533,107,108,109,108
1534,107,108,109,108
1535,107,108,109,108
1536,107,108,109,108
1537,107,108,109,108
1538,107,108,109,108
1539,107,108,109,108
1540,107,108,109,108
1541,107,108,109,108
1542,107,108,109,108
1543,107,108,109,108
1544,107,108,109,108
1545,107,108,109,108
1546,107,108,109,108
1547,107,108,109,108
1548,107,108,109,108
1549,107,108,109,108
1550,107,108,109,108
1551,107,108,109,108
1552,107,108,109,108
1553,107,108,109,108
1554,107,108,109,108
1555,107,108,109,108
1556,107,108,109,108
1557,107,108,109,108
1558,107,108,109,108
1559,107,108,109,108
1560,107,108,109,108
1561,107,108,109,108
1562,107,108,109,108
1563,107,108,109,108
1564,107,108,109,108
1565,107,108,109,108
1566,107,108,109,108
1567,107,108,109,108
1568,107,108,109,108
1569,107,108,109,108
1570,107,108,109,108
1571,107,108,109,108
1572,107,108,109,108
1573,107,108,109,108
1574,107,108,109,108
1575,107,108,109,108
1576,107,108,109,108
1577,107,108,109,108
1578,107,108,109,108
1579,107,108,109,108
1580,107,108,109,108
1581,107,108,109,108
1582,107,108,109,108
1583,107,108,109,108
1584,107,108,109,108
1585,107,108,109,108
1586,107,108,109,108
1587,107,108,109,108
1588,107,108,109,108
1589,107,108,109,108
1590,107,108,109,108
1591,107,108,109,108
1592,107,108,109,108
1593,107,108,109,108
1594,107,108,109,108
1595,107,108,109,108
1596,107,108,109,108
1597,107,108,109,108
1598,107,108,109,108
1599,107,108,109,108
1600,107,108,109,108
1601,107,108,109,108
1602,107,108,109,108
1603,107,108,109,108
1604,107,108,109,108
1605,107,108,109,108
1606,107,108,109,108
1607,90,117,117,108
1608,108,108,109,108.333333333333
1609,108,108,109,108.333333333333
1610,108,108,109,108.333333333333
1611,108,109,109,108.666666666667
1612,108,109,109,108.666666666667
1613,108,109,109,108.666666666667
1614,108,109,109,108.666666666667
1615,108,109,109,108.666666666667
1616,108,109,109,108.666666666667
1617,108,109,109,108.666666666667
1618,108,109,109,108.666666666667
1619,108,109,109,108.666666666667
1620,108,109,109,108.666666666667
1621,108,109,109,108.666666666667
1622,108,109,109,108.666666666667
1623,108,109,109,108.666666666667
1624,108,109,109,108.666666666667
1625,108,109,110,109
1626,108,109,110,109
1627,108,109,110,109
1628,108,109,110,109
1629,108,109,110,109
1630,108,109,110,109
1631,108,109,110,109
1632,108,109,110,109
1633,108,109,110,109
1634,108,109,110,109
1635,108,109,110,109
1636,108,109,110,109
1637,108,109,110,109
1638,108,109,110,109
1639,108,109,110,109
1640,108,109,110,109
1641,108,109,110,109
1642,108,109,110,109
1643,108,109,110,109
1644,108,109,110,109
1645,108,109,110,109
1646,108,109,110,109
1647,108,109,110,109
1648,108,109,110,109
1649,108,109,110,109
1650,108,109,110,109
1651,108,109,110,109
1652,108,109,110,109
1653,108,109,110,109
1654,108,109,110,109
1655,108,109,110,109
1656,108,109,110,109
1657,108,109,110,109
1658,108,109,110,109
1659,108,109,110,109
1660,108,109,110,109
1661,108,109,110,109
1662,108,109,110,109
1663,108,109,110,109
1664,108,109,110,109
1665,108,109,110,109
1666,108,109,110,109
1667,108,109,110,109
1668,108,109,110,109
1669,108,109,110,109
1670,108,109,110,109
1671,108,109,110,109
1672,108,109,110,109
1673,108,109,110,109
1674,108,109,110,109
1675,108,109,110,109
1676,108,109,110,109
1677,108,109,110,109
1678,108,109,110,109
1679,108,109,110,109
1680,108,109,110,109
1681,108,109,110,109
1682,108,109,110,109
1683,108,109,110,109
1684,108,109,110,109
1685,108,109,110,109
1686,108,109,110,109
1687,108,109,110,109
1688,108,109,110,109
1689,108,109,110,109
1690,108,109,110,109
1691,108,109,110,109
1692,108,109,110,109
1693,108,109,110,109
1694,108,109,110,109
1695,108,109,110,109
1696,108,109,110,109
1697,108,109,110,109
1698,108,109,110,109
1699,108,109,110,109
1700,108,109,110,109
1701,108,109,110,109
1702,108,109,110,109
1703,108,109,110,109
1704,108,109,110,109
1705,108,109,110,109
1706,108,109,110,109
1707,108,109,110,109
1708,108,109,110,109
1709,108,109,110,109
1710,108,109,110,109
1711,108,109,110,109
1712,108,109,110,109
1713,108,109,110,109
1714,108,109,110,109
1715,108,109,110,109
1716,108,109,110,109
1717,98,114,115,109
1718,109,109,110,109.333333333333
1719,109,109,110,109.333333333333
1720,109,109,110,109.333333333333
1721,109,109,110,109.333333333333
1722,109,109,110,109.333333333333
1723,109,109,110,109.333333333333
1724,109,109,110,109.333333333333
1725,109,109,110,109.333333333333
1726,109,109,110,109.333333333333
1727,109,109,110,109.333333333333
1728,109,109,110,109.333333333333
1729,109,109,110,109.333333333333
1730,109,109,110,109.333333333333
1731,117,99,112,109.333333333333
1732,113,119,97,109.666666666667
1733,109,110,110,109.666666666667
1734,109,110,110,109.666666666667
1735,109,110,110,109.666666666667
1736,109,110,111,110
1737,109,110,111,110
1738,109,110,111,110
1739,109,110,111,110
1740,109,110,111,110
1741,109,110,111,110
1742,109,110,111,110
1743,109,110,111,110
1744,109,110,111,110
1745,109,110,111,110
1746,109,110,111,110
1747,109,110,111,110
1748,109,110,111,110
1749,109,110,111,110
1750,109,110,111,110
1751,109,110,111,110
1752,109,110,111,110
1753,109,110,111,110
1754,109,110,111,110
1755,109,110,111,110
1756,109,110,111,110
1757,109,110,111,110
1758,109,110,111,110
1759,109,110,111,110
1760,109,110,111,110
1761,109,110,111,110
1762,109,110,111,110
1763,109,110,111,110
1764,109,110,111,110
1765,109,110,111,110
1766,109,110,111,110
1767,109,110,111,110
1768,109,110,111,110
1769,109,110,111,110
1770,109,110,111,110
1771,109,110,111,110
1772,109,110,111,110
1773,109,110,111,110
1774,109,110,111,110
1775,109,110,111,110
1776,109,110,111,110
1777,109,110,111,110
1778,109,110,111,110
1779,109,110,111,110
1780,109,110,111,110
1781,109,110,111,110
1782,109,110,111,110
1783,109,110,111,110
1784,109,110,111,110
1785,109,110,111,110
1786,109,110,111,110
1787,109,110,111,110
1788,109,110,111,110
1789,109,110,111,110
1790,109,110,111,110
1791,109,110,111,110
1792,109,110,111,110
1793,109,110,111,110
1794,109,110,111,110
1795,109,110,111,110
1796,109,110,111,110
1797,109,110,111,110
1798,109,110,111,110
1799,109,110,111,110
1800,109,110,111,110
1801,109,110,111,110
1802,109,110,111,110
1803,118,118,95,110.333333333333
1804,110,110,111,110.333333333333
1805,110,110,111,110.333333333333
1806,110,110,111,110.333333333333
1807,110,110,111,110.333333333333
1808,110,110,111,110.333333333333
1809,110,110,111,110.333333333333
1810,110,110,111,110.333333333333
1811,110,110,111,110.333333333333
1812,110,110,111,110.333333333333
1813,110,110,111,110.333333333333
1814,110,110,111,110.333333333333
1815,110,110,111,110.333333333333
1816,110,110,111,110.333333333333
1817,101,115,115,110.333333333333
1818,110,111,111,110.666666666667
1819,110,111,111,110.666666666667
1820,110,111,111,110.666666666667
1821,110,111,111,110.666666666667
1822,110,111,111,110.666666666667
1823,110,111,111,110.666666666667
1824,110,111,111,110.666666666667
1825,110,111,111,110.666666666667
1826,102,115,115,110.666666666667
1827,100,116,116,110.666666666667
1828,110,111,112,111
1829,110,111,112,111
1830,110,111,112,111
1831,110,111,112,111
1832,110,111,112,111
1833,110,111,112,111
1834,110,111,112,111
1835,110,111,112,111
1836,110,111,112,111
1837,110,111,112,111
1838,110,111,112,111
1839,110,111,112,111
1840,110,111,112,111
1841,110,111,112,111
1842,110,111,112,111
1843,110,111,112,111
1844,110,111,112,111
1845,110,111,112,111
1846,110,111,112,111
1847,110,111,112,111
1848,110,111,112,111
1849,110,111,112,111
1850,110,111,112,111
1851,110,111,112,111
1852,110,111,112,111
1853,110,111,112,111
1854,110,111,112,111
1855,110,111,112,111
1856,110,111,112,111
1857,110,111,112,111
1858,110,111,112,111
1859,110,111,112,111
1860,110,111,112,111
1861,110,111,112,111
1862,110,111,112,111
1863,110,111,112,111
1864,110,111,112,111
1865,110,111,112,111
1866,110,111,112,111
1867,110,111,112,111
1868,103,115,115,111
1869,98,118,117,111
1870,111,111,112,111.333333333333
1871,111,111,112,111.333333333333
1872,111,111,112,111.333333333333
1873,111,111,112,111.333333333333
1874,111,111,112,111.333333333333
1875,111,111,112,111.333333333333
1876,111,111,112,111.333333333333
1877,111,111,112,111.333333333333
1878,104,115,115,111.333333333333
1879,111,112,112,111.666666666667
1880,111,112,112,111.666666666667
1881,111,112,112,111.666666666667
1882,111,112,112,111.666666666667
1883,111,112,112,111.666666666667
1884,111,112,112,111.666666666667
1885,111,112,112,111.666666666667
1886,111,112,112,111.666666666667
1887,111,112,112,111.666666666667
1888,111,112,112,111.666666666667
1889,111,112,112,111.666666666667
1890,111,112,112,111.666666666667
1891,111,112,112,111.666666666667
1892,111,112,112,111.666666666667
1893,111,112,112,111.666666666667
1894,111,112,112,111.666666666667
1895,111,112,112,111.666666666667
1896,111,112,112,111.666666666667
1897,103,116,116,111.666666666667
1898,111,112,113,112
1899,111,112,113,112
1900,111,112,113,112
1901,111,112,113,112
1902,111,112,113,112
1903,111,112,113,112
1904,111,112,113,112
1905,111,112,113,112
1906,111,112,113,112
1907,111,112,113,112
1908,111,112,113,112
1909,111,112,113,112
1910,111,112,113,112
1911,111,112,113,112
1912,111,112,113,112
1913,119,98,119,112
1914,112,112,113,112.333333333333
1915,112,112,113,112.333333333333
1916,112,112,113,112.333333333333
1917,112,112,113,112.333333333333
1918,112,112,113,112.333333333333
1919,112,112,113,112.333333333333
1920,112,112,113,112.333333333333
1921,112,112,113,112.333333333333
1922,112,112,113,112.333333333333
1923,112,112,113,112.333333333333
1924,112,112,113,112.333333333333
1925,112,112,113,112.333333333333
1926,112,112,113,112.333333333333
1927,108,114,115,112.333333333333
1928,112,113,113,112.666666666667
1929,112,113,113,112.666666666667
1930,112,113,113,112.666666666667
1931,112,113,113,112.666666666667
1932,112,113,113,112.666666666667
1933,112,113,113,112.666666666667
1934,108,115,115,112.666666666667
1935,112,113,114,113
1936,106,116,117,113
1937,113,113,114,113.333333333333
1938,113,113,114,113.333333333333
1939,113,113,114,113.333333333333
1940,113,113,114,113.333333333333
1941,113,113,114,113.333333333333
1942,113,113,114,113.333333333333
1943,113,113,114,113.333333333333
1944,113,113,114,113.333333333333
1945,113,113,114,113.333333333333
1946,113,113,114,113.333333333333
1947,113,113,114,113.333333333333
1948,113,113,114,113.333333333333
1949,113,113,114,113.333333333333
1950,113,113,114,113.333333333333
1951,114,113,114,113.666666666667
1952,114,113,114,113.666666666667
1953,114,113,114,113.666666666667
1954,114,113,114,113.666666666667
1955,114,113,114,113.666666666667
1956,114,113,114,113.666666666667
1957,114,114,114,114
1958,110,116,116,114
1959,110,116,116,114
1960,115,114,114,114.333333333333
1961,115,114,114,114.333333333333
1962,115,114,114,114.333333333333
1963,115,114,114,114.333333333333
1964,115,114,114,114.333333333333
1965,115,114,114,114.333333333333
1966,115,114,114,114.333333333333
1967,115,114,114,114.333333333333
1968,111,116,116,114.333333333333
1969,111,116,116,114.333333333333
1970,116,114,114,114.666666666667
1971,116,114,114,114.666666666667
1972,114,115,115,114.666666666667
1973,114,115,115,114.666666666667
1974,117,114,115,115.333333333333
1975,113,117,117,115.666666666667
1976,119,114,115,116
1977,118,115,115,116
1978,118,115,115,116
1979,116,116,116,116
1980,115,117,117,116.333333333333
